HITId,HITTypeId,Title,Description,Keywords,Reward,CreationTime,MaxAssignments,RequesterAnnotation,AssignmentDurationInSeconds,AutoApprovalDelayInSeconds,Expiration,NumberOfSimilarHITs,LifetimeInSeconds,AssignmentId,WorkerId,AssignmentStatus,AcceptTime,SubmitTime,AutoApprovalTime,ApprovalTime,RejectionTime,RequesterFeedback,WorkTimeInSeconds,LifetimeApprovalRate,Last30DaysApprovalRate,Last7DaysApprovalRate,Answer.age,Answer.book,Answer.careful,Answer.comments,Answer.distraction,Answer.english,Answer.gender,Answer.grouptype,Answer.q1,Answer.q10,Answer.q11,Answer.q12,Answer.q13,Answer.q14,Answer.q15,Answer.q16,Answer.q17,Answer.q18,Answer.q19,Answer.q2,Answer.q20,Answer.q21,Answer.q22,Answer.q23,Answer.q24,Answer.q25,Answer.q26,Answer.q27,Answer.q28,Answer.q29,Answer.q3,Answer.q30,Answer.q31,Answer.q32,Answer.q33,Answer.q34,Answer.q35,Answer.q4,Answer.q5,Answer.q6,Answer.q7,Answer.q8,Answer.q9,Answer.qNum1,Answer.qNum10,Answer.qNum11,Answer.qNum12,Answer.qNum13,Answer.qNum14,Answer.qNum15,Answer.qNum16,Answer.qNum17,Answer.qNum18,Answer.qNum19,Answer.qNum2,Answer.qNum20,Answer.qNum21,Answer.qNum22,Answer.qNum23,Answer.qNum24,Answer.qNum25,Answer.qNum26,Answer.qNum27,Answer.qNum28,Answer.qNum29,Answer.qNum3,Answer.qNum30,Answer.qNum31,Answer.qNum32,Answer.qNum33,Answer.qNum34,Answer.qNum35,Answer.qNum4,Answer.qNum5,Answer.qNum6,Answer.qNum7,Answer.qNum8,Answer.qNum9,Answer.time1,Answer.time2,Answer.time3,Answer.time4,Answer.time5,Answer.time6,Answer.time7,Answer.time8,Approve,Reject,Correct,Self-rating
3421H3BM9ANRPH1COKXV0P0UFY49JP,38WHRO3LM5CNRUAPCKT72EG33CZ62E,Personality Survey ~7 mins,Answer 35 survey questions about yourself.,"survey, demographics",$0.70,Tue Mar 07 10:23:21 PST 2017,150,BatchId:2715023;OriginalHitTemplateId:920937332;,3600,259200,Tue Mar 14 11:23:21 PDT 2017,,,30LB5CDZNDG1FMGXWCMPKSIAPJ00ZJ,AJITIN95JSBAR,Submitted,Tue Mar 07 10:25:23 PST 2017,Tue Mar 07 10:36:24 PST 2017,Fri Mar 10 10:36:24 PST 2017,,,,661,0% (0/0),0% (0/0),0% (0/0),31,,5,no comments,no,yes,male,3,1,5,1,1,1,5,2,5,1,5,1,4,3,1,1,1,3,5,1,1,2,4,3,2,1,4,5,5,1,5,1,5,5,1,1,tqu6,qu63,qu9,qu66,qu41,qu3,qu52,qu59,qu82,qu18,qu4,qu48,qu56,qu20,qu54,qu49,qu58,tqu5,tqu4,qu62,qu19,qu47,qu51,qu60,qu16,qu33,qu81,tqu1,tqu3,qu35,tqu7,qu26,qu2,qu10,tqu2,1488911161507,1488911164344,1488911331195,1488911434791,1488911503671,1488911538070,1488911558655,1488911603541,,,7.0,5
3421H3BM9ANRPH1COKXV0P0UFY49JP,38WHRO3LM5CNRUAPCKT72EG33CZ62E,Personality Survey ~7 mins,Answer 35 survey questions about yourself.,"survey, demographics",$0.70,Tue Mar 07 10:23:21 PST 2017,150,BatchId:2715023;OriginalHitTemplateId:920937332;,3600,259200,Tue Mar 14 11:23:21 PDT 2017,,,3180JW2OT5IAAEXUBWPFDTQBNTY5JO,A2I5850G7EOPQ2,Submitted,Tue Mar 07 10:24:32 PST 2017,Tue Mar 07 10:28:56 PST 2017,Fri Mar 10 10:28:56 PST 2017,,,,264,0% (0/0),0% (0/0),0% (0/0),30,,3,{},yes,yes,male,3,3,4,3,2,3,3,2,4,3,3,3,3,3,3,3,4,3,3,4,4,3,2,4,3,2,3,4,3,3,3,3,3,3,4,3,tqu2,qu5,qu53,qu37,qu4,qu31,qu51,qu44,qu57,tqu3,tqu6,qu28,tqu4,qu40,qu39,qu7,qu68,qu84,qu46,tqu7,qu71,tqu5,qu26,qu25,qu62,qu58,qu59,tqu1,qu36,qu50,qu81,qu24,qu42,qu13,qu10,1488911244841,1488911248120,1488911264797,1488911289286,1488911304292,1488911318256,1488911326937,1488911331553,,,0.0,3
3421H3BM9ANRPH1COKXV0P0UFY49JP,38WHRO3LM5CNRUAPCKT72EG33CZ62E,Personality Survey ~7 mins,Answer 35 survey questions about yourself.,"survey, demographics",$0.70,Tue Mar 07 10:23:21 PST 2017,150,BatchId:2715023;OriginalHitTemplateId:920937332;,3600,259200,Tue Mar 14 11:23:21 PDT 2017,,,31N2WW6R9SWRRXOUENA1JY0ZGQQ3FT,A19ZWBQT8A3LIR,Submitted,Tue Mar 07 10:24:50 PST 2017,Tue Mar 07 10:37:17 PST 2017,Fri Mar 10 10:37:17 PST 2017,,,,747,0% (0/0),0% (0/0),0% (0/0),27,,5,{},no,yes,male,3,1,1,2,2,2,5,1,1,5,1,1,1,1,1,1,1,5,3,5,4,4,5,1,3,1,5,1,5,1,1,4,3,1,3,4,qu24,tqu7,qu55,qu80,qu12,tqu5,qu46,qu78,qu1,tqu2,qu11,qu31,qu84,qu40,tqu6,tqu4,qu54,qu47,qu56,qu15,qu13,tqu1,qu6,qu28,qu61,qu23,qu16,qu88,qu26,tqu3,qu79,qu70,qu81,qu25,qu58,1488911599962,1488911601941,1488911676890,1488911730726,1488911779666,1488911811011,1488911819580,1488911828763,,,7.0,5
3421H3BM9ANRPH1COKXV0P0UFY49JP,38WHRO3LM5CNRUAPCKT72EG33CZ62E,Personality Survey ~7 mins,Answer 35 survey questions about yourself.,"survey, demographics",$0.70,Tue Mar 07 10:23:21 PST 2017,150,BatchId:2715023;OriginalHitTemplateId:920937332;,3600,259200,Tue Mar 14 11:23:21 PDT 2017,,,31Z0PCVWULLJBL7IBJIGDJRGC1JT7V,A2Z2OV7QGU10QN,Submitted,Tue Mar 07 10:25:05 PST 2017,Tue Mar 07 10:29:42 PST 2017,Fri Mar 10 10:29:42 PST 2017,,,,277,0% (0/0),0% (0/0),0% (0/0),27,,5,Very interesting study.,no,yes,male,3,1,2,2,5,5,2,1,2,1,1,4,4,1,4,5,4,1,1,2,2,1,4,4,1,2,5,1,4,4,1,5,5,4,1,5,qu66,qu72,qu9,qu86,qu77,qu67,qu4,qu44,tqu7,tqu6,qu31,qu7,tqu3,qu56,qu61,qu17,qu60,qu76,qu19,qu41,tqu4,qu52,qu71,qu69,qu55,tqu5,qu10,qu26,qu78,tqu2,qu45,qu47,qu74,qu40,tqu1,1488911117243,1488911120148,1488911270320,1488911307295,1488911341833,1488911357860,1488911366065,1488911373119,,,7.0,5
3421H3BM9ANRPH1COKXV0P0UFY49JP,38WHRO3LM5CNRUAPCKT72EG33CZ62E,Personality Survey ~7 mins,Answer 35 survey questions about yourself.,"survey, demographics",$0.70,Tue Mar 07 10:23:21 PST 2017,150,BatchId:2715023;OriginalHitTemplateId:920937332;,3600,259200,Tue Mar 14 11:23:21 PDT 2017,,,32AT8R96GMFKUW6ZZR61D69EIT3USA,AFKZZEURTCR8U,Submitted,Tue Mar 07 10:24:34 PST 2017,Tue Mar 07 10:29:45 PST 2017,Fri Mar 10 10:29:45 PST 2017,,,,311,0% (0/0),0% (0/0),0% (0/0),31,,5,{},no,yes,male,3,1,1,1,5,5,2,4,2,3,1,2,5,1,5,5,5,5,2,5,1,4,1,3,1,1,5,2,5,3,2,4,2,1,4,1,tqu3,tqu6,tqu7,tqu1,qu77,qu10,qu43,qu12,qu4,qu14,qu60,qu34,tqu4,qu1,tqu5,qu22,qu79,qu54,qu18,qu20,qu38,tqu2,qu68,qu70,qu76,qu2,qu85,qu15,qu19,qu50,qu37,qu65,qu71,qu33,qu86,1488911080001,1488911084301,1488911244566,1488911279192,1488911358831,1488911372706,1488911377149,1488911382645,,,7.0,5
3421H3BM9ANRPH1COKXV0P0UFY49JP,38WHRO3LM5CNRUAPCKT72EG33CZ62E,Personality Survey ~7 mins,Answer 35 survey questions about yourself.,"survey, demographics",$0.70,Tue Mar 07 10:23:21 PST 2017,150,BatchId:2715023;OriginalHitTemplateId:920937332;,3600,259200,Tue Mar 14 11:23:21 PDT 2017,,,32KTQ2V7RELJC95RHJFO51NUDJC9MN,A1YX741QQSMKPS,Submitted,Tue Mar 07 10:25:38 PST 2017,Tue Mar 07 10:30:55 PST 2017,Fri Mar 10 10:30:55 PST 2017,,,,317,0% (0/0),0% (0/0),0% (0/0),60,,4,"borders on Rohan, I am missing the reference,; must google",no,yes,male,3,5,2,2,2,2,3,5,2,5,1,1,1,4,4,1,1,1,4,3,4,2,4,5,1,1,3,4,1,1,4,4,5,1,5,4,qu13,qu57,qu58,qu86,qu14,qu46,qu76,qu34,qu84,qu85,tqu2,tqu3,qu82,qu43,tqu6,qu65,tqu7,qu33,qu44,qu39,qu60,qu41,qu15,qu12,qu72,qu56,qu11,tqu4,qu4,qu63,qu22,tqu1,qu75,tqu5,qu31,1488911180486,1488911184072,1488911220235,1488911278198,1488911343780,1488911372022,1488911383212,1488911395008,,,7.0,4
3421H3BM9ANRPH1COKXV0P0UFY49JP,38WHRO3LM5CNRUAPCKT72EG33CZ62E,Personality Survey ~7 mins,Answer 35 survey questions about yourself.,"survey, demographics",$0.70,Tue Mar 07 10:23:21 PST 2017,150,BatchId:2715023;OriginalHitTemplateId:920937332;,3600,259200,Tue Mar 14 11:23:21 PDT 2017,,,32SVAV9L3GFWV67M37O95XP8JAD3AG,A100Y89FZO4J0B,Submitted,Tue Mar 07 10:24:39 PST 2017,Tue Mar 07 11:21:32 PST 2017,Fri Mar 10 11:21:32 PST 2017,,,,3413,0% (0/0),0% (0/0),0% (0/0),27,,5,{},no,yes,female,3,2,4,2,5,4,2,3,3,2,2,1,4,4,2,4,5,4,2,1,2,2,4,4,4,4,4,4,1,4,4,4,4,1,1,4,qu24,qu74,qu4,tqu5,qu63,qu9,qu44,qu33,qu14,qu71,tqu7,qu45,qu38,qu55,qu36,tqu1,qu6,qu72,tqu6,qu73,qu80,qu8,qu64,qu31,qu51,qu47,qu13,tqu4,qu46,qu42,qu52,qu3,tqu3,tqu2,qu26,1488913778890,1488914093479,1488914188240,1488914262794,1488914439480,1488914452718,1488914467625,1488914479625,,,7.0,5
3421H3BM9ANRPH1COKXV0P0UFY49JP,38WHRO3LM5CNRUAPCKT72EG33CZ62E,Personality Survey ~7 mins,Answer 35 survey questions about yourself.,"survey, demographics",$0.70,Tue Mar 07 10:23:21 PST 2017,150,BatchId:2715023;OriginalHitTemplateId:920937332;,3600,259200,Tue Mar 14 11:23:21 PDT 2017,,,33CID57105ZDRPYQ0YDZEB5JDMC3LY,A1U8V8MATNRZN4,Submitted,Tue Mar 07 10:25:03 PST 2017,Tue Mar 07 10:27:41 PST 2017,Fri Mar 10 10:27:41 PST 2017,,,,158,0% (0/0),0% (0/0),0% (0/0),33,,5,{},no,yes,male,3,4,4,4,3,4,4,2,4,4,4,1,3,4,4,4,2,1,4,4,4,4,4,4,1,4,2,2,3,1,4,4,4,4,3,4,qu78,qu4,qu19,qu23,tqu6,tqu5,qu28,qu26,qu81,qu55,tqu1,qu85,qu53,qu57,qu31,qu87,tqu7,qu83,qu40,qu68,qu39,qu10,qu48,tqu2,qu63,qu11,tqu4,qu30,tqu3,qu77,qu42,qu15,qu52,qu8,qu65,1488911110658,1488911114777,1488911145069,1488911175819,1488911216559,1488911235615,1488911246049,1488911257009,,,3.0,5
3421H3BM9ANRPH1COKXV0P0UFY49JP,38WHRO3LM5CNRUAPCKT72EG33CZ62E,Personality Survey ~7 mins,Answer 35 survey questions about yourself.,"survey, demographics",$0.70,Tue Mar 07 10:23:21 PST 2017,150,BatchId:2715023;OriginalHitTemplateId:920937332;,3600,259200,Tue Mar 14 11:23:21 PDT 2017,,,33LKR6A5KFQ50ZSGM317C9039FJT1Y,ALEE1QD4TW9G4,Submitted,Tue Mar 07 10:24:46 PST 2017,Tue Mar 07 10:30:02 PST 2017,Fri Mar 10 10:30:02 PST 2017,,,,316,0% (0/0),0% (0/0),0% (0/0),44,,5,survey went fine,no,yes,female,3,5,2,4,5,4,5,1,1,5,1,1,5,1,5,4,2,5,5,1,5,1,4,1,2,5,2,1,4,5,1,1,5,5,4,2,qu84,qu20,qu58,qu29,qu51,qu47,qu71,qu73,qu77,qu68,qu76,qu88,tqu3,tqu5,qu38,qu49,tqu1,qu82,qu40,qu26,tqu2,qu28,tqu6,qu10,qu1,qu14,tqu4,qu53,qu21,qu70,tqu7,qu43,qu74,qu11,qu55,1488911103805,1488911107456,1488911198087,1488911267079,1488911339562,1488911366670,1488911373401,1488911384473,,,7.0,5
3421H3BM9ANRPH1COKXV0P0UFY49JP,38WHRO3LM5CNRUAPCKT72EG33CZ62E,Personality Survey ~7 mins,Answer 35 survey questions about yourself.,"survey, demographics",$0.70,Tue Mar 07 10:23:21 PST 2017,150,BatchId:2715023;OriginalHitTemplateId:920937332;,3600,259200,Tue Mar 14 11:23:21 PDT 2017,,,34MAJL3QP5THTHR5U6EISU38R0H345,A32QYANWMXW8EL,Submitted,Tue Mar 07 10:24:32 PST 2017,Tue Mar 07 10:41:18 PST 2017,Fri Mar 10 10:41:18 PST 2017,,,,1006,0% (0/0),0% (0/0),0% (0/0),34,,5,{},no,yes,female,3,3,4,5,4,3,5,4,1,2,3,4,5,5,3,1,1,2,3,1,2,3,5,4,3,2,4,3,5,4,3,2,5,1,4,3,qu44,qu57,tqu5,qu48,qu25,qu30,qu6,tqu2,qu3,qu49,qu40,qu54,qu39,qu60,tqu3,qu75,qu9,qu8,tqu4,qu80,tqu6,qu43,qu67,qu47,qu5,qu35,qu46,qu87,qu19,qu82,qu56,tqu1,tqu7,qu63,qu1,1488911911558,1488911918473,1488911945270,1488911982026,1488912042041,1488912064649,1488912072719,1488912078146,,,6.0,5
3421H3BM9ANRPH1COKXV0P0UFY49JP,38WHRO3LM5CNRUAPCKT72EG33CZ62E,Personality Survey ~7 mins,Answer 35 survey questions about yourself.,"survey, demographics",$0.70,Tue Mar 07 10:23:21 PST 2017,150,BatchId:2715023;OriginalHitTemplateId:920937332;,3600,259200,Tue Mar 14 11:23:21 PDT 2017,,,34T446B1C1KO7T5N4Y2H9UHPG1E0CK,A2XJH3WC02RMXQ,Submitted,Tue Mar 07 10:24:32 PST 2017,Tue Mar 07 10:29:05 PST 2017,Fri Mar 10 10:29:05 PST 2017,,,,273,0% (0/0),0% (0/0),0% (0/0),36,,5,None,no,yes,male,3,4,4,5,1,4,2,5,5,5,2,5,1,3,4,4,3,1,4,5,3,4,1,3,4,1,4,5,3,5,4,2,4,2,4,5,qu37,qu32,qu58,tqu7,qu12,qu54,qu45,qu19,qu18,qu31,tqu1,tqu4,qu69,qu1,qu28,qu33,tqu2,qu14,qu2,qu44,qu49,tqu3,qu36,qu65,tqu6,qu38,tqu5,qu16,qu78,qu26,qu9,qu3,qu17,qu30,qu70,1488911083871,1488911089473,1488911159894,1488911220794,1488911281461,1488911306497,1488911318416,1488911336995,,,7.0,5
3421H3BM9ANRPH1COKXV0P0UFY49JP,38WHRO3LM5CNRUAPCKT72EG33CZ62E,Personality Survey ~7 mins,Answer 35 survey questions about yourself.,"survey, demographics",$0.70,Tue Mar 07 10:23:21 PST 2017,150,BatchId:2715023;OriginalHitTemplateId:920937332;,3600,259200,Tue Mar 14 11:23:21 PDT 2017,,,388U7OUMF87SDVU6MVSCYPGBG2H0RQ,A1MN2PWAV10VAB,Submitted,Tue Mar 07 10:24:55 PST 2017,Tue Mar 07 10:32:20 PST 2017,Fri Mar 10 10:32:20 PST 2017,,,,445,0% (0/0),0% (0/0),0% (0/0),31,,5,{},no,yes,female,3,2,5,5,3,2,1,5,1,1,3,2,2,5,3,5,1,1,3,4,5,1,5,4,1,1,5,4,5,5,2,4,2,1,1,3,qu22,qu68,tqu5,qu59,qu34,tqu4,qu63,tqu2,qu36,qu40,qu49,qu45,qu3,qu81,qu4,tqu6,qu21,qu27,qu38,qu88,tqu3,qu60,qu39,qu72,tqu7,tqu1,qu32,qu35,qu42,qu47,qu16,qu43,qu70,qu75,qu82,1488911281020,1488911284414,1488911347260,1488911399124,1488911481902,1488911519633,1488911528180,1488911536925,,,7.0,5
3421H3BM9ANRPH1COKXV0P0UFY49JP,38WHRO3LM5CNRUAPCKT72EG33CZ62E,Personality Survey ~7 mins,Answer 35 survey questions about yourself.,"survey, demographics",$0.70,Tue Mar 07 10:23:21 PST 2017,150,BatchId:2715023;OriginalHitTemplateId:920937332;,3600,259200,Tue Mar 14 11:23:21 PDT 2017,,,39L1G8WVWRX01IUM7OVGUWW5FG731S,A37RHQPON2RJYL,Submitted,Tue Mar 07 10:24:28 PST 2017,Tue Mar 07 10:39:51 PST 2017,Fri Mar 10 10:39:51 PST 2017,,,,923,0% (0/0),0% (0/0),0% (0/0),29,,5,{},no,yes,female,3,5,5,4,5,1,2,4,5,5,1,2,3,4,1,5,2,5,5,4,3,4,5,1,1,5,4,1,5,4,4,1,5,5,1,2,qu9,tqu1,qu48,qu36,tqu3,qu82,qu60,qu53,qu34,tqu2,qu78,qu7,qu59,qu55,qu18,qu10,tqu5,qu80,qu79,qu52,qu45,qu4,tqu4,tqu6,qu35,qu25,qu72,qu6,qu65,qu81,tqu7,qu49,qu68,qu37,qu3,1488911783867,1488911787408,1488911842361,1488911883912,1488911942447,1488911956665,1488911965589,1488911972412,,,7.0,5
3421H3BM9ANRPH1COKXV0P0UFY49JP,38WHRO3LM5CNRUAPCKT72EG33CZ62E,Personality Survey ~7 mins,Answer 35 survey questions about yourself.,"survey, demographics",$0.70,Tue Mar 07 10:23:21 PST 2017,150,BatchId:2715023;OriginalHitTemplateId:920937332;,3600,259200,Tue Mar 14 11:23:21 PDT 2017,,,39LOEL67OTBICIE7694V96JDTMD38C,A3UMANQDDX964G,Submitted,Tue Mar 07 10:24:37 PST 2017,Tue Mar 07 10:33:26 PST 2017,Fri Mar 10 10:33:26 PST 2017,,,,529,0% (0/0),0% (0/0),0% (0/0),24,,4,{},no,yes,male,3,5,4,1,2,1,1,1,1,5,1,1,1,5,5,4,5,1,1,5,1,5,5,4,4,5,1,2,1,5,2,5,1,1,5,3,qu56,qu70,tqu6,qu76,qu82,qu2,tqu2,qu30,qu1,qu22,tqu7,tqu1,qu81,qu41,qu38,qu23,qu8,qu37,qu53,qu21,qu27,qu80,qu39,qu77,qu68,tqu3,qu60,qu40,tqu5,qu69,qu88,qu4,tqu4,qu43,qu28,1488911415060,1488911423951,1488911458254,1488911513649,1488911562212,1488911593673,1488911599185,1488911606182,,,7.0,4
3421H3BM9ANRPH1COKXV0P0UFY49JP,38WHRO3LM5CNRUAPCKT72EG33CZ62E,Personality Survey ~7 mins,Answer 35 survey questions about yourself.,"survey, demographics",$0.70,Tue Mar 07 10:23:21 PST 2017,150,BatchId:2715023;OriginalHitTemplateId:920937332;,3600,259200,Tue Mar 14 11:23:21 PDT 2017,,,39U1BHVTDMX1A26V97FQ02F07ZXT3Q,A3KKXA7COL5JHL,Submitted,Tue Mar 07 10:24:50 PST 2017,Tue Mar 07 10:45:29 PST 2017,Fri Mar 10 10:45:29 PST 2017,,,,1239,0% (0/0),0% (0/0),0% (0/0),38,,5,{},no,yes,male,3,5,1,1,1,2,1,4,5,1,1,5,5,5,2,1,1,3,2,5,1,1,4,5,1,4,1,5,1,3,1,4,1,3,5,1,qu36,qu69,qu83,tqu3,qu52,qu75,qu62,qu1,qu82,qu85,qu79,qu87,qu53,qu38,qu72,qu16,qu71,qu2,qu77,tqu2,tqu7,qu39,qu56,tqu4,qu35,qu55,qu45,qu66,qu59,tqu1,qu9,tqu6,qu7,tqu5,qu26,1488912154060,1488912155413,1488912192116,1488912252109,1488912296968,1488912310960,1488912317772,1488912324356,,,6.0,5
3421H3BM9ANRPH1COKXV0P0UFY49JP,38WHRO3LM5CNRUAPCKT72EG33CZ62E,Personality Survey ~7 mins,Answer 35 survey questions about yourself.,"survey, demographics",$0.70,Tue Mar 07 10:23:21 PST 2017,150,BatchId:2715023;OriginalHitTemplateId:920937332;,3600,259200,Tue Mar 14 11:23:21 PDT 2017,,,3A9AA95ATXS6WP0S69UZAPCNWS45PO,A26M997VYVK0E6,Submitted,Tue Mar 07 10:24:39 PST 2017,Tue Mar 07 10:37:10 PST 2017,Fri Mar 10 10:37:10 PST 2017,,,,751,0% (0/0),0% (0/0),0% (0/0),29,,5,{},no,yes,male,3,4,3,4,5,1,4,4,4,3,1,3,4,4,1,4,4,4,4,1,5,5,3,4,1,1,3,4,1,3,4,1,2,4,4,4,qu65,qu49,qu1,tqu5,qu86,qu63,tqu6,qu33,qu72,tqu2,qu12,qu11,qu57,tqu4,qu58,qu46,qu74,qu52,qu80,tqu1,qu88,qu66,qu83,tqu3,tqu7,qu43,qu40,qu9,qu56,qu17,qu44,qu78,qu53,qu18,qu8,1488911424045,1488911427604,1488911494962,1488911610288,1488911663739,1488911799641,1488911810991,1488911826539,,,6.0,5
3421H3BM9ANRPH1COKXV0P0UFY49JP,38WHRO3LM5CNRUAPCKT72EG33CZ62E,Personality Survey ~7 mins,Answer 35 survey questions about yourself.,"survey, demographics",$0.70,Tue Mar 07 10:23:21 PST 2017,150,BatchId:2715023;OriginalHitTemplateId:920937332;,3600,259200,Tue Mar 14 11:23:21 PDT 2017,,,3B837J3LDP2SE4EIVXBW8VMUBUZSR4,A2RHJT0OMA09YH,Submitted,Tue Mar 07 10:24:31 PST 2017,Tue Mar 07 11:20:17 PST 2017,Fri Mar 10 11:20:17 PST 2017,,,,3346,0% (0/0),0% (0/0),0% (0/0),22,,5,{},no,yes,female,3,2,4,3,4,2,2,3,1,3,3,4,4,2,4,2,2,4,1,5,2,4,3,3,4,2,4,3,2,3,3,2,3,4,2,3,qu49,qu41,qu17,qu39,qu76,qu32,qu14,qu83,qu79,qu48,qu52,qu43,qu4,qu68,qu25,tqu3,qu35,tqu7,tqu5,tqu2,qu42,qu85,qu13,qu19,qu24,tqu1,qu18,qu46,qu64,qu51,qu86,qu87,tqu6,tqu4,qu1,1488914346626,1488914348967,1488914360812,1488914374092,1488914391269,1488914399826,1488914405680,1488914413218,,,2.0,5
3421H3BM9ANRPH1COKXV0P0UFY49JP,38WHRO3LM5CNRUAPCKT72EG33CZ62E,Personality Survey ~7 mins,Answer 35 survey questions about yourself.,"survey, demographics",$0.70,Tue Mar 07 10:23:21 PST 2017,150,BatchId:2715023;OriginalHitTemplateId:920937332;,3600,259200,Tue Mar 14 11:23:21 PDT 2017,,,3BF51CHDTWGFO1G3QQGIKLE5TTJ0HT,A2A6FH0F7LD9ND,Submitted,Tue Mar 07 10:24:49 PST 2017,Tue Mar 07 10:36:36 PST 2017,Fri Mar 10 10:36:36 PST 2017,,,,707,0% (0/0),0% (0/0),0% (0/0),53,,5,"thanks, have a blessed day",no,yes,female,3,5,3,1,1,4,4,1,3,5,3,2,3,4,4,4,3,3,4,5,4,2,3,1,3,5,3,4,3,4,1,2,4,4,5,1,qu1,qu81,tqu4,tqu6,qu56,qu79,tqu7,qu37,qu87,qu50,qu82,qu84,qu67,qu47,qu26,qu60,qu46,qu21,tqu1,qu20,qu44,qu76,qu24,qu9,tqu5,qu55,qu68,qu10,qu53,tqu3,qu75,qu51,qu63,qu42,tqu2,1488911591790,1488911597165,1488911672901,1488911714971,1488911747429,1488911771087,1488911777266,1488911787929,,,7.0,5
3421H3BM9ANRPH1COKXV0P0UFY49JP,38WHRO3LM5CNRUAPCKT72EG33CZ62E,Personality Survey ~7 mins,Answer 35 survey questions about yourself.,"survey, demographics",$0.70,Tue Mar 07 10:23:21 PST 2017,150,BatchId:2715023;OriginalHitTemplateId:920937332;,3600,259200,Tue Mar 14 11:23:21 PDT 2017,,,3DUZQ9U6SNUK7BVZ4HG69SBXW0CSVX,A1S5IGVH3CF8XZ,Submitted,Tue Mar 07 10:24:39 PST 2017,Tue Mar 07 10:45:10 PST 2017,Fri Mar 10 10:45:10 PST 2017,,,,1231,0% (0/0),0% (0/0),0% (0/0),35,,5,thank you!,no,yes,male,3,1,2,4,4,5,1,4,4,4,2,1,3,2,4,5,5,1,3,5,2,3,1,3,4,3,2,5,2,2,5,4,3,4,3,1,tqu4,qu5,qu11,qu53,qu41,tqu7,qu35,qu64,qu3,qu37,qu30,qu73,qu71,qu25,tqu1,qu60,tqu3,qu2,qu88,qu13,qu33,tqu6,qu54,qu61,qu68,qu4,tqu5,qu76,qu67,qu77,qu26,qu8,qu34,qu18,tqu2,1488911848705,1488911850519,1488912397600,1488912572504,1488912823633,1488912907873,1488912940906,1488912960569,,,7.0,5
3421H3BM9ANRPH1COKXV0P0UFY49JP,38WHRO3LM5CNRUAPCKT72EG33CZ62E,Personality Survey ~7 mins,Answer 35 survey questions about yourself.,"survey, demographics",$0.70,Tue Mar 07 10:23:21 PST 2017,150,BatchId:2715023;OriginalHitTemplateId:920937332;,3600,259200,Tue Mar 14 11:23:21 PDT 2017,,,3FDJT1UU75E5LY3CTHPRE8QO2IY5KN,A3GLUDQZGEJL5G,Submitted,Tue Mar 07 10:24:31 PST 2017,Tue Mar 07 10:38:20 PST 2017,Fri Mar 10 10:38:20 PST 2017,,,,829,0% (0/0),0% (0/0),0% (0/0),33,,5,{},no,yes,female,3,2,2,4,5,1,2,5,5,1,5,1,4,5,1,5,4,5,1,1,5,1,4,1,5,4,4,2,4,5,4,4,5,2,2,4,qu48,qu42,qu43,qu20,qu81,qu69,qu77,qu65,tqu4,qu39,tqu3,qu50,qu7,tqu7,tqu5,qu31,qu73,qu37,tqu6,qu56,qu46,qu11,tqu2,qu35,qu33,qu70,qu80,qu13,qu27,qu22,qu18,tqu1,qu59,qu1,qu6,1488911620886,1488911625461,1488911703598,1488911739895,1488911788325,1488911884169,1488911889765,1488911896351,,,7.0,5
3421H3BM9ANRPH1COKXV0P0UFY49JP,38WHRO3LM5CNRUAPCKT72EG33CZ62E,Personality Survey ~7 mins,Answer 35 survey questions about yourself.,"survey, demographics",$0.70,Tue Mar 07 10:23:21 PST 2017,150,BatchId:2715023;OriginalHitTemplateId:920937332;,3600,259200,Tue Mar 14 11:23:21 PDT 2017,,,3FPRZHYEPZDGNUAKE2F51K3L4KDV38,A1WRYUFOYFF8QO,Submitted,Tue Mar 07 10:25:02 PST 2017,Tue Mar 07 10:40:51 PST 2017,Fri Mar 10 10:40:51 PST 2017,,,,949,0% (0/0),0% (0/0),0% (0/0),26,,5,{},no,yes,male,3,2,1,2,2,1,1,5,1,4,1,1,2,1,1,3,4,4,3,1,1,3,5,1,1,5,1,1,2,1,1,1,1,2,4,4,qu22,qu54,qu41,qu75,tqu7,qu19,qu29,qu23,qu53,tqu3,qu68,qu56,tqu6,qu44,qu62,qu59,qu64,qu21,qu76,qu9,qu81,qu84,tqu4,qu69,tqu5,qu80,tqu2,qu12,tqu1,qu88,qu65,qu24,qu50,qu14,qu83,1488911735464,1488911738424,1488911779807,1488911834478,1488911910629,1488911936389,1488911956596,1488911964417,,,7.0,5
3421H3BM9ANRPH1COKXV0P0UFY49JP,38WHRO3LM5CNRUAPCKT72EG33CZ62E,Personality Survey ~7 mins,Answer 35 survey questions about yourself.,"survey, demographics",$0.70,Tue Mar 07 10:23:21 PST 2017,150,BatchId:2715023;OriginalHitTemplateId:920937332;,3600,259200,Tue Mar 14 11:23:21 PDT 2017,,,3FTOP5WARGUBF7BTEQJ3WYUK6LN0JY,A2WYJOE2OUCAQ2,Submitted,Tue Mar 07 10:24:36 PST 2017,Tue Mar 07 10:28:22 PST 2017,Fri Mar 10 10:28:22 PST 2017,,,,226,0% (0/0),0% (0/0),0% (0/0),28,,5,{},no,yes,male,3,1,2,1,2,2,4,5,5,4,3,4,4,4,4,1,2,5,1,4,5,5,2,1,1,4,1,1,1,2,4,3,5,1,5,4,tqu7,qu40,qu13,qu38,qu80,qu64,qu2,qu29,qu20,qu55,qu6,qu63,qu30,qu50,qu73,qu11,qu84,qu75,qu25,qu35,tqu1,qu12,tqu4,tqu6,qu7,qu83,qu72,tqu3,qu14,qu26,qu15,qu74,tqu2,tqu5,qu16,1488911135850,1488911139169,1488911188701,1488911224388,1488911263305,1488911282681,1488911290441,1488911298190,,,7.0,5
3421H3BM9ANRPH1COKXV0P0UFY49JP,38WHRO3LM5CNRUAPCKT72EG33CZ62E,Personality Survey ~7 mins,Answer 35 survey questions about yourself.,"survey, demographics",$0.70,Tue Mar 07 10:23:21 PST 2017,150,BatchId:2715023;OriginalHitTemplateId:920937332;,3600,259200,Tue Mar 14 11:23:21 PDT 2017,,,3GDTJDAPVVHJY4MHCR9A55SJTDU8MX,AMG9Y1YLBTKIV,Submitted,Tue Mar 07 10:24:26 PST 2017,Tue Mar 07 11:03:53 PST 2017,Fri Mar 10 11:03:53 PST 2017,,,,2367,0% (0/0),0% (0/0),0% (0/0),30,,5,{},no,yes,male,3,3,3,4,3,5,2,3,4,4,1,3,1,5,5,3,4,4,3,4,4,1,4,4,1,5,1,2,3,5,3,1,3,3,4,2,qu41,qu49,qu11,qu37,tqu1,qu72,qu46,qu67,qu64,tqu4,qu81,tqu7,qu71,tqu5,qu39,qu32,qu8,qu31,qu15,qu45,tqu2,qu7,qu74,qu16,qu35,tqu6,qu78,qu17,qu87,qu80,tqu3,qu61,qu20,qu43,qu69,1488913102675,1488913106192,1488913195463,1488913305951,1488913385330,1488913414548,1488913421930,1488913430001,,,7.0,5
3421H3BM9ANRPH1COKXV0P0UFY49JP,38WHRO3LM5CNRUAPCKT72EG33CZ62E,Personality Survey ~7 mins,Answer 35 survey questions about yourself.,"survey, demographics",$0.70,Tue Mar 07 10:23:21 PST 2017,150,BatchId:2715023;OriginalHitTemplateId:920937332;,3600,259200,Tue Mar 14 11:23:21 PDT 2017,,,3IQ1VMJRYUQIA8W2KGPJWASUJ2N9A3,A2CF2BD4Q0ZDJN,Submitted,Tue Mar 07 10:25:00 PST 2017,Tue Mar 07 10:51:48 PST 2017,Fri Mar 10 10:51:48 PST 2017,,,,1608,0% (0/0),0% (0/0),0% (0/0),54,,5,{},no,yes,male,3,3,2,5,4,2,2,1,1,2,4,2,2,2,2,1,4,3,1,4,4,1,5,4,2,2,4,1,1,4,4,1,2,2,2,4,qu35,qu80,tqu1,qu39,qu17,qu32,tqu7,tqu3,qu26,qu76,qu75,qu47,qu6,qu66,tqu2,qu87,qu77,tqu4,qu72,qu74,qu14,tqu5,qu4,qu63,qu43,qu55,qu31,tqu6,qu23,qu56,qu86,qu37,qu1,qu12,qu11,1488912105517,1488912109490,1488912571957,1488912606416,1488912650091,1488912688995,1488912697648,1488912706000,,,7.0,5
3421H3BM9ANRPH1COKXV0P0UFY49JP,38WHRO3LM5CNRUAPCKT72EG33CZ62E,Personality Survey ~7 mins,Answer 35 survey questions about yourself.,"survey, demographics",$0.70,Tue Mar 07 10:23:21 PST 2017,150,BatchId:2715023;OriginalHitTemplateId:920937332;,3600,259200,Tue Mar 14 11:23:21 PDT 2017,,,3IQ1VMJRYUQIA8W2KGPJWASUJ2NA94,A24WQ0ZEGXHX6J,Submitted,Tue Mar 07 10:25:03 PST 2017,Tue Mar 07 10:30:18 PST 2017,Fri Mar 10 10:30:18 PST 2017,,,,315,0% (0/0),0% (0/0),0% (0/0),45,,5,Thanks for allowing me to participate.,yes,yes,male,3,4,3,1,4,5,4,3,3,1,2,1,1,2,5,3,3,4,5,1,3,5,4,2,3,3,3,4,4,5,4,3,4,2,1,4,qu81,qu6,qu82,qu2,qu67,qu20,qu46,qu10,tqu7,qu37,tqu3,tqu2,qu52,tqu5,qu32,qu48,qu7,qu88,tqu6,qu3,qu80,qu22,qu85,qu50,qu74,qu25,qu57,qu29,tqu1,qu36,qu47,qu53,qu14,tqu4,qu13,1488911148579,1488911153940,1488911263709,1488911310391,1488911356942,1488911387252,1488911397104,1488911408655,,,7.0,5
3421H3BM9ANRPH1COKXV0P0UFY49JP,38WHRO3LM5CNRUAPCKT72EG33CZ62E,Personality Survey ~7 mins,Answer 35 survey questions about yourself.,"survey, demographics",$0.70,Tue Mar 07 10:23:21 PST 2017,150,BatchId:2715023;OriginalHitTemplateId:920937332;,3600,259200,Tue Mar 14 11:23:21 PDT 2017,,,3IXQG4FA2U4NTI1UQUPFRLC01K89BY,A2GG7HIO2OIXUR,Submitted,Tue Mar 07 10:25:03 PST 2017,Tue Mar 07 10:27:48 PST 2017,Fri Mar 10 10:27:48 PST 2017,,,,165,0% (0/0),0% (0/0),0% (0/0),27,,5,{},no,yes,female,3,1,2,4,2,4,4,4,4,5,1,4,2,4,1,3,2,4,2,2,5,4,1,2,4,5,4,1,4,4,2,4,1,2,2,1,tqu2,qu82,qu68,qu31,qu34,qu7,qu60,qu12,qu54,qu83,qu23,qu51,qu66,qu38,qu39,qu21,qu72,qu3,qu15,tqu5,qu87,tqu3,qu28,qu67,tqu1,qu8,tqu4,qu69,qu78,qu59,qu20,tqu6,qu86,qu16,tqu7,1488911105957,1488911110223,1488911158477,1488911192612,1488911228650,1488911252304,1488911258749,1488911263437,,,7.0,5
3421H3BM9ANRPH1COKXV0P0UFY49JP,38WHRO3LM5CNRUAPCKT72EG33CZ62E,Personality Survey ~7 mins,Answer 35 survey questions about yourself.,"survey, demographics",$0.70,Tue Mar 07 10:23:21 PST 2017,150,BatchId:2715023;OriginalHitTemplateId:920937332;,3600,259200,Tue Mar 14 11:23:21 PDT 2017,,,3JWH6J9I9TJ8IK5OR48K9M7K69ONBA,A37DTVGS7RX6AG,Submitted,Tue Mar 07 10:24:26 PST 2017,Tue Mar 07 10:42:15 PST 2017,Fri Mar 10 10:42:15 PST 2017,,,,1069,0% (0/0),0% (0/0),0% (0/0),65,,5,{},no,yes,female,3,2,1,5,2,3,1,4,1,3,4,4,1,2,1,4,1,2,1,2,4,4,1,2,1,1,1,2,4,2,3,5,5,5,4,1,qu12,qu41,tqu1,qu86,qu38,qu75,qu34,qu85,qu62,qu64,qu74,tqu2,qu71,qu51,qu60,qu72,qu63,tqu7,qu50,qu33,qu59,tqu4,qu68,qu20,qu2,tqu6,qu27,qu35,qu81,qu80,qu46,qu61,tqu5,qu5,tqu3,1488911138851,1488911141160,1488911214598,1488912047957,1488912099809,1488912125406,1488912132539,1488912141658,,,7.0,5
3421H3BM9ANRPH1COKXV0P0UFY49JP,38WHRO3LM5CNRUAPCKT72EG33CZ62E,Personality Survey ~7 mins,Answer 35 survey questions about yourself.,"survey, demographics",$0.70,Tue Mar 07 10:23:21 PST 2017,150,BatchId:2715023;OriginalHitTemplateId:920937332;,3600,259200,Tue Mar 14 11:23:21 PDT 2017,,,3L2IS5HSFBONEJEURVPFECZ8VUVNUR,A19LTHK3TA57SF,Submitted,Tue Mar 07 10:24:56 PST 2017,Tue Mar 07 10:30:12 PST 2017,Fri Mar 10 10:30:12 PST 2017,,,,316,0% (0/0),0% (0/0),0% (0/0),36,,5,{},no,yes,female,3,4,5,4,5,1,1,5,1,1,1,1,5,5,1,4,5,4,3,1,1,1,1,1,5,5,5,1,5,3,1,3,5,5,4,5,qu79,qu74,qu46,qu71,qu72,tqu7,tqu5,qu66,qu4,tqu6,qu80,qu32,qu43,tqu4,qu10,tqu1,qu2,qu23,qu20,qu24,qu76,qu70,qu9,qu64,qu59,qu42,tqu2,qu21,qu19,tqu3,qu5,qu18,qu77,qu30,qu6,1488911106699,1488911125937,1488911203835,1488911272829,1488911349526,1488911380259,1488911389162,1488911404889,,,7.0,5
3421H3BM9ANRPH1COKXV0P0UFY49JP,38WHRO3LM5CNRUAPCKT72EG33CZ62E,Personality Survey ~7 mins,Answer 35 survey questions about yourself.,"survey, demographics",$0.70,Tue Mar 07 10:23:21 PST 2017,150,BatchId:2715023;OriginalHitTemplateId:920937332;,3600,259200,Tue Mar 14 11:23:21 PDT 2017,,,3O6CYIULEE7D1DN8JWG2AVCZO6ZUWP,A1KLAGM9CCOFBN,Submitted,Tue Mar 07 10:24:42 PST 2017,Tue Mar 07 11:10:02 PST 2017,Fri Mar 10 11:10:02 PST 2017,,,,2720,0% (0/0),0% (0/0),0% (0/0),36,,5,{},no,yes,male,3,4,4,1,3,2,1,4,5,5,4,1,1,4,5,1,2,1,4,4,2,1,1,4,3,4,4,5,4,4,4,1,3,4,5,4,qu53,qu45,qu70,qu75,qu44,tqu2,qu34,tqu5,qu21,qu9,qu72,tqu7,qu62,qu59,tqu4,qu26,tqu1,qu20,qu28,qu78,tqu3,qu73,qu48,qu10,qu46,qu18,qu42,qu16,qu58,qu43,tqu6,qu67,qu57,qu8,qu5,1488911618323,1488911619417,1488913688363,1488913725631,1488913755654,1488913768878,1488913794947,1488913801013,,,6.0,5
3421H3BM9ANRPH1COKXV0P0UFY49JP,38WHRO3LM5CNRUAPCKT72EG33CZ62E,Personality Survey ~7 mins,Answer 35 survey questions about yourself.,"survey, demographics",$0.70,Tue Mar 07 10:23:21 PST 2017,150,BatchId:2715023;OriginalHitTemplateId:920937332;,3600,259200,Tue Mar 14 11:23:21 PDT 2017,,,3OUYGIZWR8471IER93ONTUGWFKT0PY,A1V2H0UF94ATWY,Submitted,Tue Mar 07 11:16:28 PST 2017,Tue Mar 07 11:28:33 PST 2017,Fri Mar 10 11:28:33 PST 2017,,,,725,0% (0/0),0% (0/0),0% (0/0),58,,4,"Fun, thanks and I hope my data is useful.",no,yes,male,3,2,2,3,4,4,4,5,4,3,1,2,3,3,3,4,3,4,5,5,5,5,5,1,4,3,1,4,1,1,3,2,3,4,1,2,qu13,qu40,qu77,qu36,qu1,qu41,tqu5,qu56,qu5,tqu4,qu38,qu11,qu78,qu54,qu63,qu57,qu60,tqu1,qu88,qu53,qu81,qu42,tqu6,qu76,qu70,tqu2,qu35,tqu3,tqu7,qu37,qu9,qu17,qu45,qu4,qu66,1488914554918,1488914562035,1488914637051,1488914701026,1488914819225,1488914850689,1488914864359,1488914873863,,,7.0,4
3421H3BM9ANRPH1COKXV0P0UFY49JP,38WHRO3LM5CNRUAPCKT72EG33CZ62E,Personality Survey ~7 mins,Answer 35 survey questions about yourself.,"survey, demographics",$0.70,Tue Mar 07 10:23:21 PST 2017,150,BatchId:2715023;OriginalHitTemplateId:920937332;,3600,259200,Tue Mar 14 11:23:21 PDT 2017,,,3PEIJLRY6UZ5IHH3O1RPU2B3IOGXWK,A1UGEI18TCSIFR,Submitted,Tue Mar 07 10:24:45 PST 2017,Tue Mar 07 10:32:35 PST 2017,Fri Mar 10 10:32:35 PST 2017,,,,470,0% (0/0),0% (0/0),0% (0/0),21,,5,{},no,yes,female,3,3,3,4,3,4,4,3,5,5,4,3,4,4,3,5,2,3,5,4,4,5,3,3,4,5,4,3,4,1,4,4,3,5,3,4,qu25,qu26,tqu2,qu37,qu73,qu31,qu62,tqu1,tqu5,qu56,qu70,qu41,qu61,qu59,qu58,qu18,qu47,tqu3,qu16,qu76,qu63,qu46,qu35,qu65,qu52,qu36,qu50,qu64,tqu7,qu17,qu42,tqu4,qu5,qu60,tqu6,1488911489768,1488911490553,1488911506932,1488911525428,1488911538739,1488911547106,1488911554343,1488911560879,,,2.0,5
3421H3BM9ANRPH1COKXV0P0UFY49JP,38WHRO3LM5CNRUAPCKT72EG33CZ62E,Personality Survey ~7 mins,Answer 35 survey questions about yourself.,"survey, demographics",$0.70,Tue Mar 07 10:23:21 PST 2017,150,BatchId:2715023;OriginalHitTemplateId:920937332;,3600,259200,Tue Mar 14 11:23:21 PDT 2017,,,3PS7W85Z808NP4VBQGG0RFIM7R7T97,A30RAYNDOWQ61S,Submitted,Tue Mar 07 10:25:17 PST 2017,Tue Mar 07 10:29:42 PST 2017,Fri Mar 10 10:29:42 PST 2017,,,,265,0% (0/0),0% (0/0),0% (0/0),54,,5,Good luck in your research.,no,yes,male,3,4,2,2,1,5,1,1,1,4,1,4,3,5,5,5,4,5,1,1,3,2,1,2,1,4,5,2,1,5,2,5,1,5,1,1,qu34,qu41,qu73,qu85,qu84,tqu7,qu71,tqu3,qu44,tqu2,qu83,qu48,qu63,qu64,qu3,qu58,qu5,tqu6,qu6,qu32,qu38,qu70,qu12,qu16,qu62,tqu5,qu49,qu24,qu29,qu19,tqu1,qu4,qu47,tqu4,qu23,1488911131756,1488911136015,1488911195544,1488911250289,1488911300624,1488911326265,1488911343308,1488911358556,,,7.0,5
3421H3BM9ANRPH1COKXV0P0UFY49JP,38WHRO3LM5CNRUAPCKT72EG33CZ62E,Personality Survey ~7 mins,Answer 35 survey questions about yourself.,"survey, demographics",$0.70,Tue Mar 07 10:23:21 PST 2017,150,BatchId:2715023;OriginalHitTemplateId:920937332;,3600,259200,Tue Mar 14 11:23:21 PDT 2017,,,3QXNC7EIPJ1M9VYKSESQ74GHAGB093,A5DSYVNGYLCA5,Submitted,Tue Mar 07 10:24:27 PST 2017,Tue Mar 07 10:29:47 PST 2017,Fri Mar 10 10:29:47 PST 2017,,,,320,0% (0/0),0% (0/0),0% (0/0),24,,3,NO,yes,yes,female,3,3,3,4,3,3,4,3,4,3,3,4,4,3,3,4,3,4,3,4,3,4,3,3,3,3,4,3,2,3,2,3,4,3,2,3,tqu7,tqu5,qu11,qu40,qu62,qu63,qu2,qu58,qu75,qu41,qu73,tqu2,qu3,tqu6,qu34,qu71,qu18,qu9,qu38,qu33,tqu3,qu79,qu87,qu85,qu48,qu20,qu72,qu65,tqu4,qu53,qu17,qu42,qu31,qu83,tqu1,1488911199696,1488911201712,1488911242691,1488911302862,1488911369168,1488911391028,1488911411870,1488911419847,,,0.0,3
3421H3BM9ANRPH1COKXV0P0UFY49JP,38WHRO3LM5CNRUAPCKT72EG33CZ62E,Personality Survey ~7 mins,Answer 35 survey questions about yourself.,"survey, demographics",$0.70,Tue Mar 07 10:23:21 PST 2017,150,BatchId:2715023;OriginalHitTemplateId:920937332;,3600,259200,Tue Mar 14 11:23:21 PDT 2017,,,3TGOYF991YS099Y3OW11S7R23QOUUQ,A1MTRZDRKNB9GV,Submitted,Tue Mar 07 10:24:36 PST 2017,Tue Mar 07 10:33:54 PST 2017,Fri Mar 10 10:33:54 PST 2017,,,,558,0% (0/0),0% (0/0),0% (0/0),54,,5,this was interesting,no,yes,female,3,2,2,4,3,2,2,2,1,1,3,1,1,4,1,4,5,4,3,5,3,1,3,1,3,4,1,4,1,3,3,1,3,1,5,3,qu70,qu78,qu33,qu35,qu9,qu73,qu63,qu13,tqu2,qu20,tqu7,qu81,qu24,qu75,qu5,tqu5,qu29,qu23,qu28,qu8,qu4,qu62,tqu4,qu18,qu86,tqu6,qu15,tqu3,qu10,qu64,tqu1,qu68,qu36,qu42,qu46,1488911355247,1488911361146,1488911463474,1488911522173,1488911573677,1488911611288,1488911621202,1488911630532,,,6.0,5
3421H3BM9ANRPH1COKXV0P0UFY49JP,38WHRO3LM5CNRUAPCKT72EG33CZ62E,Personality Survey ~7 mins,Answer 35 survey questions about yourself.,"survey, demographics",$0.70,Tue Mar 07 10:23:21 PST 2017,150,BatchId:2715023;OriginalHitTemplateId:920937332;,3600,259200,Tue Mar 14 11:23:21 PDT 2017,,,3VAR3R6G1Q77Y77TP7ONX9HOOD98OC,A1SP3GBRZKMWZJ,Submitted,Tue Mar 07 10:24:26 PST 2017,Tue Mar 07 10:32:23 PST 2017,Fri Mar 10 10:32:23 PST 2017,,,,477,0% (0/0),0% (0/0),0% (0/0),70,,5,good survey,no,yes,male,3,1,4,4,2,1,1,4,2,2,1,5,2,5,4,5,1,1,1,4,2,5,5,3,3,2,1,1,4,4,3,4,4,2,3,5,qu55,qu20,qu67,qu27,tqu6,tqu4,qu64,qu68,qu54,qu36,qu47,qu84,tqu1,qu78,tqu5,tqu2,qu53,qu41,qu32,qu28,qu59,qu17,qu16,qu12,qu56,tqu7,tqu3,qu52,qu15,qu40,qu9,qu25,qu8,qu26,qu45,1488911124644,1488911136145,1488911240762,1488911321663,1488911389164,1488911442973,1488911466720,1488911492231,,,7.0,5
3421H3BM9ANRPH1COKXV0P0UFY49JP,38WHRO3LM5CNRUAPCKT72EG33CZ62E,Personality Survey ~7 mins,Answer 35 survey questions about yourself.,"survey, demographics",$0.70,Tue Mar 07 10:23:21 PST 2017,150,BatchId:2715023;OriginalHitTemplateId:920937332;,3600,259200,Tue Mar 14 11:23:21 PDT 2017,,,3VNXK88KKDO22WZ0VBGFSX674CNV9P,A19ED8FYO6CA36,Submitted,Tue Mar 07 10:25:26 PST 2017,Tue Mar 07 10:30:11 PST 2017,Fri Mar 10 10:30:11 PST 2017,,,,285,0% (0/0),0% (0/0),0% (0/0),39,,5,{},no,yes,male,3,1,1,5,4,5,4,1,5,5,1,2,1,4,5,4,1,1,4,3,1,4,1,1,5,4,3,1,1,5,5,3,1,1,5,1,tqu7,qu38,qu64,qu80,qu22,qu26,qu27,qu43,tqu5,tqu6,qu40,tqu2,qu73,qu84,qu6,qu36,qu81,qu59,qu42,qu55,qu5,qu69,tqu3,tqu1,qu76,qu44,tqu4,qu46,qu15,qu57,qu2,qu8,qu21,qu28,qu14,1488911142538,1488911145183,1488911218224,1488911314449,1488911360646,1488911382739,1488911394617,1488911406081,,,7.0,5
3421H3BM9ANRPH1COKXV0P0UFY49JP,38WHRO3LM5CNRUAPCKT72EG33CZ62E,Personality Survey ~7 mins,Answer 35 survey questions about yourself.,"survey, demographics",$0.70,Tue Mar 07 10:23:21 PST 2017,150,BatchId:2715023;OriginalHitTemplateId:920937332;,3600,259200,Tue Mar 14 11:23:21 PDT 2017,,,3X0H8UUIT2UXM0V4URL2VUUB39ESW7,A3RRW6OSYCLKWB,Submitted,Tue Mar 07 10:24:37 PST 2017,Tue Mar 07 10:47:37 PST 2017,Fri Mar 10 10:47:37 PST 2017,,,,1380,0% (0/0),0% (0/0),0% (0/0),28,,5,{},no,yes,male,3,1,3,1,1,3,5,1,3,1,5,1,3,5,1,5,3,4,5,2,5,2,5,4,3,2,1,1,4,1,5,1,1,1,1,5,tqu6,qu17,tqu2,qu55,qu46,qu38,tqu7,qu37,qu27,qu79,tqu4,qu30,qu13,qu85,qu34,qu12,qu61,tqu5,qu60,tqu1,qu20,qu59,qu43,qu86,qu62,qu65,qu80,qu29,qu9,qu18,tqu3,qu69,qu40,qu66,qu15,1488911826115,1488911828999,1488912235730,1488912348644,1488912424232,1488912436926,1488912444243,1488912450095,,,7.0,5
3421H3BM9ANRPH1COKXV0P0UFY49JP,38WHRO3LM5CNRUAPCKT72EG33CZ62E,Personality Survey ~7 mins,Answer 35 survey questions about yourself.,"survey, demographics",$0.70,Tue Mar 07 10:23:21 PST 2017,150,BatchId:2715023;OriginalHitTemplateId:920937332;,3600,259200,Tue Mar 14 11:23:21 PDT 2017,,,3X87C8JFV7HS23ZIIIMW35CPF8XSQ3,A3EHI7J2E5DSJK,Submitted,Tue Mar 07 10:24:28 PST 2017,Tue Mar 07 10:46:28 PST 2017,Fri Mar 10 10:46:28 PST 2017,,,,1320,0% (0/0),0% (0/0),0% (0/0),23,,5,{},no,yes,male,3,4,2,3,1,1,1,1,1,4,1,2,5,2,1,1,1,3,5,3,1,1,1,5,5,3,5,1,1,5,1,2,4,1,1,4,qu80,qu67,qu79,tqu3,qu32,tqu1,qu69,qu31,qu41,tqu2,qu58,qu53,qu35,qu64,qu21,tqu4,qu76,qu77,qu52,qu72,qu4,qu78,qu20,qu87,qu68,tqu5,tqu7,qu82,qu74,qu54,qu57,qu55,tqu6,qu14,qu24,1488911949671,1488911953862,1488912052375,1488912161790,1488912290481,1488912360242,1488912374587,1488912385062,,,7.0,5
3421H3BM9ANRPH1COKXV0P0UFY49JP,38WHRO3LM5CNRUAPCKT72EG33CZ62E,Personality Survey ~7 mins,Answer 35 survey questions about yourself.,"survey, demographics",$0.70,Tue Mar 07 10:23:21 PST 2017,150,BatchId:2715023;OriginalHitTemplateId:920937332;,3600,259200,Tue Mar 14 11:23:21 PDT 2017,,,3Z3ZLGNNSJ0OIME3S3LVVX4DNSZ3QN,A9QYAH5BONH1W,Submitted,Tue Mar 07 10:25:26 PST 2017,Tue Mar 07 10:27:49 PST 2017,Fri Mar 10 10:27:49 PST 2017,,,,143,0% (0/0),0% (0/0),0% (0/0),38,,5,{},no,yes,male,3,3,3,3,4,1,1,4,3,1,1,1,2,1,3,2,3,1,1,1,4,1,2,1,4,5,3,2,5,1,2,5,1,3,1,1,qu36,qu2,qu16,qu14,qu66,qu1,qu42,qu37,qu82,qu24,tqu7,qu17,qu58,qu56,qu51,qu29,tqu4,qu55,qu40,qu8,tqu6,qu20,qu67,qu74,tqu1,qu65,qu13,tqu5,qu84,qu22,qu77,tqu3,qu12,qu76,tqu2,1488911076415,1488911077847,1488911118175,1488911146380,1488911181397,1488911199681,1488911207676,1488911214200,,,7.0,5
3421H3BM9ANRPH1COKXV0P0UFY49JP,38WHRO3LM5CNRUAPCKT72EG33CZ62E,Personality Survey ~7 mins,Answer 35 survey questions about yourself.,"survey, demographics",$0.70,Tue Mar 07 10:23:21 PST 2017,150,BatchId:2715023;OriginalHitTemplateId:920937332;,3600,259200,Tue Mar 14 11:23:21 PDT 2017,,,3Z7EFSHGNAKW4JBY7AROI840Q8ZCXR,A1TS41D3J0RH7T,Submitted,Tue Mar 07 10:25:19 PST 2017,Tue Mar 07 10:31:52 PST 2017,Fri Mar 10 10:31:52 PST 2017,,,,393,0% (0/0),0% (0/0),0% (0/0),30,,5,thanks,no,yes,male,3,2,4,1,4,5,1,1,4,3,1,2,5,1,4,4,1,4,4,5,2,4,1,5,5,5,2,1,3,1,4,4,3,4,5,2,qu41,qu6,qu76,qu3,tqu1,tqu6,tqu2,qu25,qu63,tqu3,qu60,tqu5,tqu7,qu83,qu13,tqu4,qu55,qu12,qu42,qu54,qu29,qu87,qu61,qu88,qu21,qu75,qu66,qu44,qu82,qu19,qu64,qu23,qu40,qu32,qu72,1488911551663,1488911559382,1488911612077,1488911745571,1488911851345,1488911882883,1488911895097,1488911907266,,,7.0,5
3421H3BM9ANRPH1COKXV0P0UFY49JP,38WHRO3LM5CNRUAPCKT72EG33CZ62E,Personality Survey ~7 mins,Answer 35 survey questions about yourself.,"survey, demographics",$0.70,Tue Mar 07 10:23:21 PST 2017,150,BatchId:2715023;OriginalHitTemplateId:920937332;,3600,259200,Tue Mar 14 11:23:21 PDT 2017,,,3ZPPDN2SLW2L0LDE0LR5STIL4HL9EY,A3IHT9LDUJNP3E,Submitted,Tue Mar 07 10:25:12 PST 2017,Tue Mar 07 10:30:19 PST 2017,Fri Mar 10 10:30:19 PST 2017,,,,307,0% (0/0),0% (0/0),0% (0/0),26,,5,Nothing,no,yes,male,3,4,4,4,1,3,4,1,5,4,3,4,3,4,4,4,2,4,2,5,4,2,2,1,3,4,3,5,5,4,1,4,4,4,4,4,qu41,qu52,qu28,tqu3,qu3,qu49,qu69,tqu5,qu74,qu73,qu18,tqu4,qu25,qu40,qu20,qu38,qu67,qu36,qu68,qu88,qu6,tqu2,tqu1,qu16,qu53,tqu6,qu84,qu59,qu63,tqu7,qu51,qu43,qu11,qu2,qu33,1488911118721,1488911126342,1488911195934,1488911260284,1488911331258,1488911368872,1488911379048,1488911398759,,,4.0,5
3PUOXASB579HPW6G660HOJOKZXM9ZI,38WHRO3LM5CNRUAPCKT72EG33CZ62E,Personality Survey ~7 mins,Answer 35 survey questions about yourself.,"survey, demographics",$0.70,Tue Mar 07 13:32:04 PST 2017,30,BatchId:2715363;OriginalHitTemplateId:920937332;,3600,259200,Tue Mar 14 14:32:04 PDT 2017,,,31QNSG6A5SZ0D1FU8L7LMNVTYOE871,A2DPKKEEW2I6QK,Submitted,Tue Mar 07 13:33:26 PST 2017,Tue Mar 07 13:37:08 PST 2017,Fri Mar 10 13:37:08 PST 2017,,,,222,0% (0/0),0% (0/0),0% (0/0),25,,5,{},no,yes,female,3,3,4,3,2,3,1,1,3,3,4,1,4,4,3,2,2,3,4,1,1,3,3,4,4,1,3,1,4,1,3,5,3,1,3,1,qu82,qu36,qu3,qu5,qu34,tqu3,qu84,qu63,qu57,qu11,qu17,qu6,qu62,qu54,qu12,qu71,qu19,qu1,tqu6,tqu7,qu9,qu16,qu40,qu83,qu24,qu43,tqu4,qu7,qu4,qu26,tqu5,qu21,tqu1,qu70,tqu2,1488922459054,1488922485656,1488922558043,1488922582302,1488922608972,1488922631887,1488922637878,1488922644022,,,7.0,5
3PUOXASB579HPW6G660HOJOKZXM9ZI,38WHRO3LM5CNRUAPCKT72EG33CZ62E,Personality Survey ~7 mins,Answer 35 survey questions about yourself.,"survey, demographics",$0.70,Tue Mar 07 13:32:04 PST 2017,30,BatchId:2715363;OriginalHitTemplateId:920937332;,3600,259200,Tue Mar 14 14:32:04 PDT 2017,,,3EQHHY4HQTY0JC7T3Q4CGGYVV1YG5C,A3F7FH2NDBBN1M,Submitted,Tue Mar 07 14:14:15 PST 2017,Tue Mar 07 14:45:30 PST 2017,Fri Mar 10 14:45:30 PST 2017,,,,1875,0% (0/0),0% (0/0),0% (0/0),29,,5,{},no,yes,female,3,2,3,1,5,1,2,5,1,4,5,3,4,1,4,5,5,4,5,4,4,4,5,3,1,3,1,4,4,2,4,2,2,1,1,2,qu9,qu14,tqu4,qu44,tqu7,qu65,tqu5,tqu2,qu53,qu18,qu81,qu67,tqu6,qu34,qu58,qu88,qu64,tqu1,qu57,qu15,qu72,qu23,qu56,qu69,qu32,qu71,qu19,qu20,qu73,qu36,qu43,qu28,tqu3,qu21,qu61,1488925375820,1488925389205,1488926509270,1488926596096,1488926686085,1488926714478,1488926722229,1488926736383,,,7.0,5
3PUOXASB579HPW6G660HOJOKZXM9ZI,38WHRO3LM5CNRUAPCKT72EG33CZ62E,Personality Survey ~7 mins,Answer 35 survey questions about yourself.,"survey, demographics",$0.70,Tue Mar 07 13:32:04 PST 2017,30,BatchId:2715363;OriginalHitTemplateId:920937332;,3600,259200,Tue Mar 14 14:32:04 PDT 2017,,,3PJUZCGDJ7M4RK3NNI550JMZTE289D,A3AZJGI9D7C0PD,Submitted,Tue Mar 07 13:33:29 PST 2017,Tue Mar 07 13:54:04 PST 2017,Fri Mar 10 13:54:04 PST 2017,,,,1235,0% (0/0),0% (0/0),0% (0/0),36,,5,Thanks!,no,yes,female,3,5,5,1,1,1,1,5,5,1,5,5,5,5,1,3,4,5,5,1,4,1,5,3,5,1,3,1,5,4,1,5,5,2,1,1,qu21,qu29,qu83,tqu2,tqu3,qu20,qu44,qu82,qu70,qu32,tqu1,qu42,qu62,qu78,qu86,qu80,qu50,qu4,qu81,qu25,tqu4,qu13,qu48,qu51,qu75,qu53,tqu6,tqu5,qu43,qu69,qu2,qu22,qu79,tqu7,qu52,1488923442058,1488923448028,1488923508192,1488923548260,1488923590043,1488923624069,1488923631008,1488923640638,,,7.0,5
3PUOXASB579HPW6G660HOJOKZXM9ZI,38WHRO3LM5CNRUAPCKT72EG33CZ62E,Personality Survey ~7 mins,Answer 35 survey questions about yourself.,"survey, demographics",$0.70,Tue Mar 07 13:32:04 PST 2017,30,BatchId:2715363;OriginalHitTemplateId:920937332;,3600,259200,Tue Mar 14 14:32:04 PDT 2017,,,3TAYZSBPLMEBAKXXG7WV7NEMZ2Z2SF,A2YRYS17DU3A8R,Submitted,Tue Mar 07 13:33:35 PST 2017,Tue Mar 07 13:42:29 PST 2017,Fri Mar 10 13:42:29 PST 2017,,,,534,0% (0/0),0% (0/0),0% (0/0),25,,5,{},no,yes,female,3,4,1,1,5,1,4,1,1,1,4,2,1,1,3,5,1,1,2,1,1,5,1,1,5,5,5,4,1,5,5,3,5,5,5,5,qu7,qu71,tqu3,qu59,qu28,qu26,qu36,tqu6,tqu4,qu21,qu40,qu4,tqu1,qu38,qu22,qu65,qu72,qu63,qu44,tqu2,qu31,tqu7,qu82,qu77,qu75,qu35,qu3,qu76,qu13,qu39,qu52,qu61,tqu5,qu47,qu17,1488922848857,1488922850788,1488922873614,1488922898892,1488922925553,1488922936408,1488922942965,1488922948298,,,7.0,5
3PUOXASB579HPW6G660HOJOKZXM9ZI,38WHRO3LM5CNRUAPCKT72EG33CZ62E,Personality Survey ~7 mins,Answer 35 survey questions about yourself.,"survey, demographics",$0.70,Tue Mar 07 13:32:04 PST 2017,30,BatchId:2715363;OriginalHitTemplateId:920937332;,3600,259200,Tue Mar 14 14:32:04 PDT 2017,,,3WQQ9FUS6B0NFDIKL2J1RPHPHE58BN,A1A3TGZ7DKJWRW,Submitted,Tue Mar 07 13:33:35 PST 2017,Tue Mar 07 13:49:07 PST 2017,Fri Mar 10 13:49:07 PST 2017,,,,932,0% (0/0),0% (0/0),0% (0/0),27,,5,{},no,yes,male,3,2,5,3,2,1,1,1,1,2,2,5,2,2,1,5,5,5,4,1,5,1,1,5,1,1,2,3,1,5,2,1,3,3,1,1,qu53,qu88,qu18,qu8,qu55,qu51,qu78,tqu6,qu61,qu7,qu65,qu68,qu59,qu48,qu9,qu87,qu54,qu71,qu85,qu20,qu17,qu37,tqu1,tqu4,tqu3,qu72,qu73,qu1,tqu5,qu16,qu77,qu14,qu30,tqu7,tqu2,1488923214745,1488923218332,1488923255469,1488923288677,1488923316555,1488923333938,1488923339322,1488923345249,,,7.0,5
